{"cameraMode":{"drawMode":0,"name":"Shaded","section":"Shading Mode"},"sceneLighting":true,"audioPlay":false,"sceneViewState":{"showFog":true,"showMaterialUpdate":false,"showSkybox":true,"showFlares":true,"showImageEffects":true,"showParticleSystems":true},"in2DMode":false,"pivot":{"x":609.719970703125,"y":47.000762939453128,"z":161.85260009765626},"rotation":{"x":-0.26320093870162966,"y":0.12889452278614045,"z":-0.035507507622241977,"w":-0.9554322361946106},"size":1010.1407470703125,"orthographic":false}